{"cameraMode":{"drawMode":0,"name":"Shaded","section":"Shading Mode"},"sceneLighting":true,"audioPlay":false,"sceneViewState":{"showFog":true,"showMaterialUpdate":false,"showSkybox":true,"showFlares":true,"showImageEffects":true,"showParticleSystems":true},"in2DMode":false,"pivot":{"x":709.990478515625,"y":343.7518310546875,"z":44.15570068359375},"rotation":{"x":0.01030838955193758,"y":-0.015503199771046639,"z":0.0001601865515112877,"w":0.9998292326927185},"size":613.9199829101563,"orthographic":false}