{"cameraMode":{"drawMode":0,"name":"Shaded","section":"Shading Mode"},"sceneLighting":false,"audioPlay":false,"sceneViewState":{"showFog":true,"showMaterialUpdate":false,"showSkybox":false,"showFlares":true,"showImageEffects":true,"showParticleSystems":true},"in2DMode":false,"pivot":{"x":450.45977783203127,"y":267.09271240234377,"z":-36.60488510131836},"rotation":{"x":0.03130156919360161,"y":0.014487730339169503,"z":-0.0004533278988674283,"w":0.9994091987609863},"size":0.9352003931999207,"orthographic":false}