{"cameraMode":{"drawMode":0,"name":"Shaded","section":"Shading Mode"},"sceneLighting":false,"audioPlay":false,"sceneViewState":{"showFog":true,"showMaterialUpdate":false,"showSkybox":false,"showFlares":true,"showImageEffects":true,"showParticleSystems":true},"in2DMode":false,"pivot":{"x":6.370339393615723,"y":4.079571723937988,"z":-2.3893356323242189},"rotation":{"x":-0.060078706592321399,"y":-0.04989360272884369,"z":-0.0030066347680985929,"w":0.9969435334205627},"size":22.0,"orthographic":false}