{"cameraMode":{"drawMode":0,"name":"Shaded","section":"Shading Mode"},"sceneLighting":true,"audioPlay":false,"sceneViewState":{"showFog":true,"showMaterialUpdate":false,"showSkybox":true,"showFlares":true,"showImageEffects":true,"showParticleSystems":true},"in2DMode":false,"pivot":{"x":310.6770324707031,"y":179.5609893798828,"z":-0.56634521484375},"rotation":{"x":0.0043096537701785568,"y":0.008495219051837922,"z":-0.00003674809340736829,"w":0.9999661445617676},"size":146.02285766601563,"orthographic":false}